CASENUM,PSU,PSU_VAR,PSUSTRAT,REGION,REGIONNAME,URBANICITY,URBANICITYNAME,STRATUM,STRATUMNAME,PJ,WEIGHT,PEDS,PERNOTMVIT,VE_TOTAL,VE_FORMS,PVH_INVL,PERMVIT,MONTH,MONTHNAME,DAY_WEEK,DAY_WEEKNAME,WKDY_IM,WKDY_IMNAME,YEAR,YEARNAME,HOUR,HOURNAME,HOUR_IM,HOUR_IMNAME,MINUTE,MINUTENAME,MINUTE_IM,MINUTE_IMNAME,HARM_EV,HARM_EVNAME,EVENT1_IM,EVENT1_IMNAME,MAN_COLL,MAN_COLLNAME,MANCOL_IM,MANCOL_IMNAME,RELJCT1,RELJCT1NAME,RELJCT1_IM,RELJCT1_IMNAME,RELJCT2,RELJCT2NAME,RELJCT2_IM,RELJCT2_IMNAME,TYP_INT,TYP_INTNAME,REL_ROAD,REL_ROADNAME,WRK_ZONE,WRK_ZONENAME,LGT_COND,LGT_CONDNAME,LGTCON_IM,LGTCON_IMNAME,WEATHER,WEATHERNAME,WEATHR_IM,WEATHR_IMNAME,SCH_BUS,SCH_BUSNAME,INT_HWY,INT_HWYNAME,MAX_SEV,MAX_SEVNAME,MAXSEV_IM,MAXSEV_IMNAME,NUM_INJ,NUM_INJNAME,NO_INJ_IM,NO_INJ_IMNAME,ALCOHOL,ALCOHOLNAME,ALCHL_IM,ALCHL_IMNAME
202304646225,12,12,12,3,"South (MD, DE, DC, WV, VA, KY, TN, NC, SC, GA, FL, AL, MS, LA, AR, OK, TX)",1,Urban Area,10,Stratum 10 - Other,4142,222.0578669,0,0,2,2,0,2,1,January,5,Thursday,5,Thursday,2023,2023,11,11:00am-11:59am,11,11:00am-11:59am,0,0,0,0,12,Motor Vehicle In-Transport,12,Motor Vehicle In-Transport,1,Front-to-Rear,1,Front-to-Rear,0,No,0,No,1,Non-Junction,1,Non-Junction,1,Not an Intersection,1,On Roadway,0,,1,Daylight,1,Daylight,2,Rain,2,Rain,0,No,0,No,0,No Apparent Injury (O),0,No Apparent Injury (O),0,No Person Injured/Property Damage Only Crash,0,No Person Injured/Property Damage Only Crash,2,No Alcohol Involved,2,No Alcohol Involved
202304646241,75,75,19,3,"South (MD, DE, DC, WV, VA, KY, TN, NC, SC, GA, FL, AL, MS, LA, AR, OK, TX)",2,Rural Area,5,Stratum 5 - NLMY PV Serious Injury,4144,25.061743809,0,0,1,1,0,1,1,January,5,Thursday,5,Thursday,2023,2023,17,5:00pm-5:59pm,17,5:00pm-5:59pm,58,58,58,58,52,Guardrail End,52,Guardrail End,0,The First Harmful Event was Not a Collision with a Motor Vehicle In-Transport,0,The First Harmful Event was Not a Collision with a Motor Vehicle In-Transport,0,No,0,No,1,Non-Junction,1,Non-Junction,1,Not an Intersection,4,On Roadside,0,,5,Dusk,5,Dusk,10,Cloudy,10,Cloudy,0,No,0,No,3,Suspected Serious Injury (A),3,Suspected Serious Injury (A),1,1,1,1,2,No Alcohol Involved,2,No Alcohol Involved
202304646246,78,78,10,3,"South (MD, DE, DC, WV, VA, KY, TN, NC, SC, GA, FL, AL, MS, LA, AR, OK, TX)",1,Urban Area,2,Stratum 2 - Not a MV Occupant Any Injury,4146,23.300984338,1,1,1,1,0,2,1,January,5,Thursday,5,Thursday,2023,2023,20,8:00pm-8:59pm,20,8:00pm-8:59pm,0,0,0,0,8,Pedestrian,8,Pedestrian,0,The First Harmful Event was Not a Collision with a Motor Vehicle In-Transport,0,The First Harmful Event was Not a Collision with a Motor Vehicle In-Transport,0,No,0,No,3,Intersection-Related,3,Intersection-Related,2,Four-Way Intersection,1,On Roadway,0,,3,Dark - Lighted,3,Dark - Lighted,1,Clear,1,Clear,0,No,0,No,2,Suspected Minor Injury (B),2,Suspected Minor Injury (B),1,1,1,1,2,No Alcohol Involved,2,No Alcohol Involved
202304646254,78,78,10,3,"South (MD, DE, DC, WV, VA, KY, TN, NC, SC, GA, FL, AL, MS, LA, AR, OK, TX)",1,Urban Area,8,Stratum 8 - NLMY PV Minor Injury,4146,134.67439368,0,0,2,2,0,5,1,January,4,Wednesday,4,Wednesday,2023,2023,18,6:00pm-6:59pm,18,6:00pm-6:59pm,10,10,10,10,12,Motor Vehicle In-Transport,12,Motor Vehicle In-Transport,6,Angle,6,Angle,0,No,0,No,2,Intersection,2,Intersection,3,T-Intersection,1,On Roadway,0,,5,Dusk,5,Dusk,1,Clear,1,Clear,0,No,0,No,1,Possible Injury (C),1,Possible Injury (C),2,2,2,2,2,No Alcohol Involved,2,No Alcohol Involved
202304646294,78,78,10,3,"South (MD, DE, DC, WV, VA, KY, TN, NC, SC, GA, FL, AL, MS, LA, AR, OK, TX)",1,Urban Area,2,Stratum 2 - Not a MV Occupant Any Injury,4146,23.300984338,1,1,1,1,0,1,1,January,2,Monday,2,Monday,2023,2023,12,12:00pm-12:59pm,12,12:00pm-12:59pm,10,10,10,10,8,Pedestrian,8,Pedestrian,0,The First Harmful Event was Not a Collision with a Motor Vehicle In-Transport,0,The First Harmful Event was Not a Collision with a Motor Vehicle In-Transport,0,No,0,No,3,Intersection-Related,3,Intersection-Related,3,T-Intersection,1,On Roadway,0,,1,Daylight,1,Daylight,1,Clear,1,Clear,0,No,0,No,1,Possible Injury (C),1,Possible Injury (C),1,1,1,1,2,No Alcohol Involved,2,No Alcohol Involved
202304646314,78,78,10,3,"South (MD, DE, DC, WV, VA, KY, TN, NC, SC, GA, FL, AL, MS, LA, AR, OK, TX)",1,Urban Area,10,Stratum 10 - Other,4146,222.24582732,0,0,1,1,0,1,1,January,5,Thursday,5,Thursday,2023,2023,6,6:00am-6:59am,6,6:00am-6:59am,0,0,0,0,34,Ditch,34,Ditch,0,The First Harmful Event was Not a Collision with a Motor Vehicle In-Transport,0,The First Harmful Event was Not a Collision with a Motor Vehicle In-Transport,0,No,0,No,1,Non-Junction,1,Non-Junction,1,Not an Intersection,4,On Roadside,0,,2,Dark - Not Lighted,2,Dark - Not Lighted,5,"Fog, Smog, Smoke",5,"Fog, Smog, Smoke",0,No,0,No,0,No Apparent Injury (O),0,No Apparent Injury (O),0,No Person Injured/Property Damage Only Crash,0,No Person Injured/Property Damage Only Crash,2,No Alcohol Involved,2,No Alcohol Involved
202304646347,40,40,15,3,"South (MD, DE, DC, WV, VA, KY, TN, NC, SC, GA, FL, AL, MS, LA, AR, OK, TX)",1,Urban Area,10,Stratum 10 - Other,4147,221.35366521,0,0,2,2,0,2,1,January,5,Thursday,5,Thursday,2023,2023,8,8:00am-8:59am,8,8:00am-8:59am,6,6,6,6,12,Motor Vehicle In-Transport,12,Motor Vehicle In-Transport,1,Front-to-Rear,1,Front-to-Rear,1,Yes,1,Yes,18,Through Roadway,18,Through Roadway,1,Not an Intersection,1,On Roadway,0,,1,Daylight,1,Daylight,98,Not Reported,1,Clear,0,No,1,Yes,0,No Apparent Injury (O),0,No Apparent Injury (O),0,No Person Injured/Property Damage Only Crash,0,No Person Injured/Property Damage Only Crash,2,No Alcohol Involved,2,No Alcohol Involved
202304646363,77,77,9,2,"Midwest (OH, IN, IL, MI, WI, MN, ND, SD, NE, IA, MO, KS)",2,Rural Area,10,Stratum 10 - Other,4151,217.37927863,0,0,1,1,0,1,1,January,6,Friday,6,Friday,2023,2023,6,6:00am-6:59am,6,6:00am-6:59am,50,50,50,50,11,Live Animal,11,Live Animal,0,The First Harmful Event was Not a Collision with a Motor Vehicle In-Transport,0,The First Harmful Event was Not a Collision with a Motor Vehicle In-Transport,0,No,0,No,1,Non-Junction,1,Non-Junction,1,Not an Intersection,1,On Roadway,0,,4,Dawn,4,Dawn,98,Not Reported,1,Clear,0,No,0,No,0,No Apparent Injury (O),0,No Apparent Injury (O),0,No Person Injured/Property Damage Only Crash,0,No Person Injured/Property Damage Only Crash,9,Reported as Unknown,2,No Alcohol Involved
202304646373,39,39,7,2,"Midwest (OH, IN, IL, MI, WI, MN, ND, SD, NE, IA, MO, KS)",1,Urban Area,9,Stratum 9 - LMY PV No Injuries in Crash,4154,134.35656935,0,0,2,2,0,2,1,January,6,Friday,6,Friday,2023,2023,9,9:00am-9:59am,9,9:00am-9:59am,42,42,42,42,12,Motor Vehicle In-Transport,12,Motor Vehicle In-Transport,6,Angle,6,Angle,0,No,0,No,2,Intersection,2,Intersection,2,Four-Way Intersection,1,On Roadway,0,,1,Daylight,1,Daylight,1,Clear,1,Clear,0,No,0,No,0,No Apparent Injury (O),0,No Apparent Injury (O),0,No Person Injured/Property Damage Only Crash,0,No Person Injured/Property Damage Only Crash,2,No Alcohol Involved,2,No Alcohol Involved
202304646374,39,39,7,2,"Midwest (OH, IN, IL, MI, WI, MN, ND, SD, NE, IA, MO, KS)",1,Urban Area,10,Stratum 10 - Other,4154,210.86019124,0,1,2,1,1,1,1,January,6,Friday,6,Friday,2023,2023,10,10:00am-10:59am,10,10:00am-10:59am,15,15,15,15,14,Parked Motor Vehicle,14,Parked Motor Vehicle,0,The First Harmful Event was Not a Collision with a Motor Vehicle In-Transport,0,The First Harmful Event was Not a Collision with a Motor Vehicle In-Transport,0,No,0,No,1,Non-Junction,1,Non-Junction,1,Not an Intersection,7,In Parking Lane/Zone,0,,1,Daylight,1,Daylight,1,Clear,1,Clear,0,No,0,No,0,No Apparent Injury (O),0,No Apparent Injury (O),0,No Person Injured/Property Damage Only Crash,0,No Person Injured/Property Damage Only Crash,9,Reported as Unknown,2,No Alcohol Involved
202304646389,39,39,7,2,"Midwest (OH, IN, IL, MI, WI, MN, ND, SD, NE, IA, MO, KS)",1,Urban Area,8,Stratum 8 - NLMY PV Minor Injury,4154,128.45262486,0,0,3,3,0,5,1,January,6,Friday,6,Friday,2023,2023,15,3:00pm-3:59pm,15,3:00pm-3:59pm,22,22,22,22,12,Motor Vehicle In-Transport,12,Motor Vehicle In-Transport,6,Angle,6,Angle,0,No,0,No,2,Intersection,2,Intersection,2,Four-Way Intersection,1,On Roadway,0,,1,Daylight,1,Daylight,1,Clear,1,Clear,0,No,0,No,1,Possible Injury (C),1,Possible Injury (C),1,1,1,1,2,No Alcohol Involved,2,No Alcohol Involved
202304646401,49,49,21,4,"West (MT, ID, WA, OR, CA, NV, NM, AZ, UT, CO, WY, AK, HI)",1,Urban Area,10,Stratum 10 - Other,4015,239.0037764,0,0,1,1,0,1,1,January,5,Thursday,5,Thursday,2023,2023,9,9:00am-9:59am,9,9:00am-9:59am,20,20,20,20,30,Utility Pole/Light Support,30,Utility Pole/Light Support,0,The First Harmful Event was Not a Collision with a Motor Vehicle In-Transport,0,The First Harmful Event was Not a Collision with a Motor Vehicle In-Transport,0,No,0,No,1,Non-Junction,1,Non-Junction,1,Not an Intersection,4,On Roadside,0,,1,Daylight,1,Daylight,2,Rain,2,Rain,0,No,0,No,0,No Apparent Injury (O),0,No Apparent Injury (O),0,No Person Injured/Property Damage Only Crash,0,No Person Injured/Property Damage Only Crash,2,No Alcohol Involved,2,No Alcohol Involved
202304646421,35,35,13,3,"South (MD, DE, DC, WV, VA, KY, TN, NC, SC, GA, FL, AL, MS, LA, AR, OK, TX)",1,Urban Area,9,Stratum 9 - LMY PV No Injuries in Crash,4141,141.63889146,0,0,2,2,0,2,1,January,4,Wednesday,4,Wednesday,2023,2023,12,12:00pm-12:59pm,12,12:00pm-12:59pm,2,2,2,2,12,Motor Vehicle In-Transport,12,Motor Vehicle In-Transport,6,Angle,6,Angle,0,No,0,No,8,Driveway Access Related,8,Driveway Access Related,1,Not an Intersection,1,On Roadway,0,,1,Daylight,1,Daylight,1,Clear,1,Clear,0,No,0,No,0,No Apparent Injury (O),0,No Apparent Injury (O),0,No Person Injured/Property Damage Only Crash,0,No Person Injured/Property Damage Only Crash,2,No Alcohol Involved,2,No Alcohol Involved
202304646462,58,58,6,2,"Midwest (OH, IN, IL, MI, WI, MN, ND, SD, NE, IA, MO, KS)",1,Urban Area,7,Stratum 7 - M/H Truck or Bus,4143,153.81694225,0,0,4,4,0,4,1,January,3,Tuesday,3,Tuesday,2023,2023,17,5:00pm-5:59pm,17,5:00pm-5:59pm,0,0,0,0,12,Motor Vehicle In-Transport,12,Motor Vehicle In-Transport,1,Front-to-Rear,1,Front-to-Rear,0,No,0,No,3,Intersection-Related,3,Intersection-Related,2,Four-Way Intersection,1,On Roadway,0,,3,Dark - Lighted,3,Dark - Lighted,2,Rain,2,Rain,0,No,0,No,2,Suspected Minor Injury (B),2,Suspected Minor Injury (B),1,1,1,1,2,No Alcohol Involved,2,No Alcohol Involved
202304646466,75,75,19,3,"South (MD, DE, DC, WV, VA, KY, TN, NC, SC, GA, FL, AL, MS, LA, AR, OK, TX)",2,Rural Area,10,Stratum 10 - Other,4144,213.71816658,0,0,2,2,0,2,1,January,6,Friday,6,Friday,2023,2023,21,9:00pm-9:59pm,21,9:00pm-9:59pm,33,33,33,33,24,Guardrail Face,24,Guardrail Face,0,The First Harmful Event was Not a Collision with a Motor Vehicle In-Transport,0,The First Harmful Event was Not a Collision with a Motor Vehicle In-Transport,0,No,0,No,1,Non-Junction,1,Non-Junction,1,Not an Intersection,4,On Roadside,0,,3,Dark - Lighted,3,Dark - Lighted,2,Rain,2,Rain,0,No,1,Yes,0,No Apparent Injury (O),0,No Apparent Injury (O),0,No Person Injured/Property Damage Only Crash,0,No Person Injured/Property Damage Only Crash,2,No Alcohol Involved,2,No Alcohol Involved
202304646514,83,83,13,3,"South (MD, DE, DC, WV, VA, KY, TN, NC, SC, GA, FL, AL, MS, LA, AR, OK, TX)",1,Urban Area,10,Stratum 10 - Other,4148,223.23894247,0,0,2,2,0,2,1,January,4,Wednesday,4,Wednesday,2023,2023,13,1:00pm-1:59pm,13,1:00pm-1:59pm,55,55,55,55,12,Motor Vehicle In-Transport,12,Motor Vehicle In-Transport,7,Sideswipe - Same Direction,7,Sideswipe - Same Direction,0,No,0,No,3,Intersection-Related,3,Intersection-Related,2,Four-Way Intersection,1,On Roadway,0,,1,Daylight,1,Daylight,1,Clear,1,Clear,0,No,0,No,0,No Apparent Injury (O),0,No Apparent Injury (O),0,No Person Injured/Property Damage Only Crash,0,No Person Injured/Property Damage Only Crash,2,No Alcohol Involved,2,No Alcohol Involved
202304646564,83,83,13,3,"South (MD, DE, DC, WV, VA, KY, TN, NC, SC, GA, FL, AL, MS, LA, AR, OK, TX)",1,Urban Area,9,Stratum 9 - LMY PV No Injuries in Crash,4148,141.94136347,0,0,2,2,0,3,1,January,4,Wednesday,4,Wednesday,2023,2023,22,10:00pm-10:59pm,22,10:00pm-10:59pm,0,0,0,0,12,Motor Vehicle In-Transport,12,Motor Vehicle In-Transport,7,Sideswipe - Same Direction,7,Sideswipe - Same Direction,0,No,0,No,3,Intersection-Related,3,Intersection-Related,2,Four-Way Intersection,1,On Roadway,0,,3,Dark - Lighted,3,Dark - Lighted,1,Clear,1,Clear,0,No,0,No,0,No Apparent Injury (O),0,No Apparent Injury (O),0,No Person Injured/Property Damage Only Crash,0,No Person Injured/Property Damage Only Crash,2,No Alcohol Involved,2,No Alcohol Involved
202304646590,25,25,8,2,"Midwest (OH, IN, IL, MI, WI, MN, ND, SD, NE, IA, MO, KS)",1,Urban Area,10,Stratum 10 - Other,4150,218.84769319,0,0,2,2,0,3,1,January,2,Monday,2,Monday,2023,2023,10,10:00am-10:59am,10,10:00am-10:59am,0,0,0,0,12,Motor Vehicle In-Transport,12,Motor Vehicle In-Transport,1,Front-to-Rear,1,Front-to-Rear,0,No,0,No,3,Intersection-Related,3,Intersection-Related,2,Four-Way Intersection,1,On Roadway,0,,1,Daylight,1,Daylight,2,Rain,2,Rain,0,No,0,No,0,No Apparent Injury (O),0,No Apparent Injury (O),0,No Person Injured/Property Damage Only Crash,0,No Person Injured/Property Damage Only Crash,9,Reported as Unknown,2,No Alcohol Involved
202304646592,25,25,8,2,"Midwest (OH, IN, IL, MI, WI, MN, ND, SD, NE, IA, MO, KS)",1,Urban Area,8,Stratum 8 - NLMY PV Minor Injury,4150,131.83084766,0,0,1,1,0,1,1,January,4,Wednesday,4,Wednesday,2023,2023,19,7:00pm-7:59pm,19,7:00pm-7:59pm,50,50,50,50,59,Traffic Sign Support,59,Traffic Sign Support,0,The First Harmful Event was Not a Collision with a Motor Vehicle In-Transport,0,The First Harmful Event was Not a Collision with a Motor Vehicle In-Transport,1,Yes,1,Yes,19,Other location within Interchange Area,19,Other location within Interchange Area,1,Not an Intersection,4,On Roadside,0,,3,Dark - Lighted,3,Dark - Lighted,1,Clear,1,Clear,0,No,0,No,2,Suspected Minor Injury (B),2,Suspected Minor Injury (B),1,1,1,1,9,Reported as Unknown,2,No Alcohol Involved
202304646595,25,25,8,2,"Midwest (OH, IN, IL, MI, WI, MN, ND, SD, NE, IA, MO, KS)",1,Urban Area,9,Stratum 9 - LMY PV No Injuries in Crash,4150,138.4046856,0,0,1,1,0,1,1,January,3,Tuesday,3,Tuesday,2023,2023,8,8:00am-8:59am,8,8:00am-8:59am,7,7,7,7,24,Guardrail Face,24,Guardrail Face,0,The First Harmful Event was Not a Collision with a Motor Vehicle In-Transport,0,The First Harmful Event was Not a Collision with a Motor Vehicle In-Transport,0,No,0,No,1,Non-Junction,1,Non-Junction,1,Not an Intersection,4,On Roadside,0,,1,Daylight,1,Daylight,10,Cloudy,10,Cloudy,0,No,1,Yes,0,No Apparent Injury (O),0,No Apparent Injury (O),0,No Person Injured/Property Damage Only Crash,0,No Person Injured/Property Damage Only Crash,9,Reported as Unknown,2,No Alcohol Involved
202304646596,77,77,9,2,"Midwest (OH, IN, IL, MI, WI, MN, ND, SD, NE, IA, MO, KS)",2,Rural Area,8,Stratum 8 - NLMY PV Minor Injury,4151,132.36109359,0,0,1,1,0,2,1,January,6,Friday,6,Friday,2023,2023,17,5:00pm-5:59pm,17,5:00pm-5:59pm,41,41,41,41,11,Live Animal,11,Live Animal,0,The First Harmful Event was Not a Collision with a Motor Vehicle In-Transport,0,The First Harmful Event was Not a Collision with a Motor Vehicle In-Transport,0,No,0,No,1,Non-Junction,1,Non-Junction,1,Not an Intersection,1,On Roadway,0,,2,Dark - Not Lighted,2,Dark - Not Lighted,10,Cloudy,10,Cloudy,0,No,0,No,1,Possible Injury (C),1,Possible Injury (C),1,1,1,1,9,Reported as Unknown,2,No Alcohol Involved
202304646607,67,67,8,2,"Midwest (OH, IN, IL, MI, WI, MN, ND, SD, NE, IA, MO, KS)",1,Urban Area,8,Stratum 8 - NLMY PV Minor Injury,4152,131.12772881,0,0,1,1,0,1,1,January,4,Wednesday,4,Wednesday,2023,2023,11,11:00am-11:59am,11,11:00am-11:59am,17,17,17,17,44,"Pavement Surface Irregularity (Ruts, Potholes, Grates, etc.)",44,"Pavement Surface Irregularity (Ruts, Potholes, Grates, etc.)",0,The First Harmful Event was Not a Collision with a Motor Vehicle In-Transport,0,The First Harmful Event was Not a Collision with a Motor Vehicle In-Transport,0,No,0,No,1,Non-Junction,1,Non-Junction,1,Not an Intersection,1,On Roadway,0,,1,Daylight,1,Daylight,2,Rain,2,Rain,0,No,0,No,1,Possible Injury (C),1,Possible Injury (C),1,1,1,1,9,Reported as Unknown,2,No Alcohol Involved
202304646640,39,39,7,2,"Midwest (OH, IN, IL, MI, WI, MN, ND, SD, NE, IA, MO, KS)",1,Urban Area,6,Stratum 6 - LMY PV Minor Injury,4154,51.955064137,0,0,2,2,0,2,1,January,5,Thursday,5,Thursday,2023,2023,15,3:00pm-3:59pm,15,3:00pm-3:59pm,8,8,8,8,12,Motor Vehicle In-Transport,12,Motor Vehicle In-Transport,7,Sideswipe - Same Direction,7,Sideswipe - Same Direction,1,Yes,1,Yes,18,Through Roadway,18,Through Roadway,1,Not an Intersection,1,On Roadway,0,,1,Daylight,1,Daylight,1,Clear,1,Clear,0,No,1,Yes,2,Suspected Minor Injury (B),2,Suspected Minor Injury (B),1,1,1,1,9,Reported as Unknown,1,Alcohol Involved
202304646787,59,59,10,3,"South (MD, DE, DC, WV, VA, KY, TN, NC, SC, GA, FL, AL, MS, LA, AR, OK, TX)",1,Urban Area,9,Stratum 9 - LMY PV No Injuries in Crash,4137,142.15884183,0,0,2,2,0,2,1,January,5,Thursday,5,Thursday,2023,2023,17,5:00pm-5:59pm,17,5:00pm-5:59pm,35,35,35,35,12,Motor Vehicle In-Transport,12,Motor Vehicle In-Transport,7,Sideswipe - Same Direction,7,Sideswipe - Same Direction,0,No,0,No,1,Non-Junction,1,Non-Junction,1,Not an Intersection,1,On Roadway,0,,1,Daylight,1,Daylight,1,Clear,1,Clear,0,No,0,No,0,No Apparent Injury (O),0,No Apparent Injury (O),0,No Person Injured/Property Damage Only Crash,0,No Person Injured/Property Damage Only Crash,2,No Alcohol Involved,2,No Alcohol Involved
202304646818,59,59,10,3,"South (MD, DE, DC, WV, VA, KY, TN, NC, SC, GA, FL, AL, MS, LA, AR, OK, TX)",1,Urban Area,6,Stratum 6 - LMY PV Minor Injury,4137,54.478662618,0,0,2,2,0,2,1,January,6,Friday,6,Friday,2023,2023,15,3:00pm-3:59pm,15,3:00pm-3:59pm,30,30,30,30,12,Motor Vehicle In-Transport,12,Motor Vehicle In-Transport,6,Angle,6,Angle,0,No,0,No,2,Intersection,2,Intersection,2,Four-Way Intersection,1,On Roadway,0,,1,Daylight,1,Daylight,1,Clear,1,Clear,0,No,0,No,2,Suspected Minor Injury (B),2,Suspected Minor Injury (B),1,1,1,1,9,Reported as Unknown,2,No Alcohol Involved
202304646824,28,28,11,3,"South (MD, DE, DC, WV, VA, KY, TN, NC, SC, GA, FL, AL, MS, LA, AR, OK, TX)",1,Urban Area,9,Stratum 9 - LMY PV No Injuries in Crash,4139,141.34570405,0,0,2,2,0,2,1,January,1,Sunday,1,Sunday,2023,2023,19,7:00pm-7:59pm,19,7:00pm-7:59pm,33,33,33,33,12,Motor Vehicle In-Transport,12,Motor Vehicle In-Transport,1,Front-to-Rear,1,Front-to-Rear,0,No,0,No,3,Intersection-Related,3,Intersection-Related,2,Four-Way Intersection,1,On Roadway,0,,3,Dark - Lighted,3,Dark - Lighted,10,Cloudy,10,Cloudy,0,No,0,No,0,No Apparent Injury (O),0,No Apparent Injury (O),0,No Person Injured/Property Damage Only Crash,0,No Person Injured/Property Damage Only Crash,2,No Alcohol Involved,2,No Alcohol Involved
202304646843,28,28,11,3,"South (MD, DE, DC, WV, VA, KY, TN, NC, SC, GA, FL, AL, MS, LA, AR, OK, TX)",1,Urban Area,6,Stratum 6 - LMY PV Minor Injury,4139,54.461391025,0,0,3,3,0,3,1,January,5,Thursday,5,Thursday,2023,2023,10,10:00am-10:59am,10,10:00am-10:59am,29,29,29,29,12,Motor Vehicle In-Transport,12,Motor Vehicle In-Transport,6,Angle,6,Angle,0,No,0,No,2,Intersection,2,Intersection,2,Four-Way Intersection,1,On Roadway,0,,1,Daylight,1,Daylight,1,Clear,1,Clear,0,No,0,No,2,Suspected Minor Injury (B),2,Suspected Minor Injury (B),2,2,2,2,2,No Alcohol Involved,2,No Alcohol Involved
202304646875,28,28,11,3,"South (MD, DE, DC, WV, VA, KY, TN, NC, SC, GA, FL, AL, MS, LA, AR, OK, TX)",1,Urban Area,8,Stratum 8 - NLMY PV Minor Injury,4139,135.09245684,0,0,2,2,0,2,1,January,5,Thursday,5,Thursday,2023,2023,14,2:00pm-2:59pm,14,2:00pm-2:59pm,32,32,32,32,12,Motor Vehicle In-Transport,12,Motor Vehicle In-Transport,6,Angle,6,Angle,0,No,0,No,2,Intersection,2,Intersection,2,Four-Way Intersection,1,On Roadway,0,,1,Daylight,1,Daylight,1,Clear,1,Clear,0,No,0,No,2,Suspected Minor Injury (B),2,Suspected Minor Injury (B),1,1,1,1,2,No Alcohol Involved,2,No Alcohol Involved
202304646924,12,12,12,3,"South (MD, DE, DC, WV, VA, KY, TN, NC, SC, GA, FL, AL, MS, LA, AR, OK, TX)",1,Urban Area,5,Stratum 5 - NLMY PV Serious Injury,4142,26.121574002,0,0,3,3,0,4,1,January,6,Friday,6,Friday,2023,2023,8,8:00am-8:59am,8,8:00am-8:59am,33,33,33,33,12,Motor Vehicle In-Transport,12,Motor Vehicle In-Transport,2,Front-to-Front,2,Front-to-Front,0,No,0,No,1,Non-Junction,1,Non-Junction,1,Not an Intersection,1,On Roadway,0,,1,Daylight,1,Daylight,1,Clear,1,Clear,0,No,1,Yes,3,Suspected Serious Injury (A),3,Suspected Serious Injury (A),4,4,4,4,2,No Alcohol Involved,2,No Alcohol Involved
202304646962,12,12,12,3,"South (MD, DE, DC, WV, VA, KY, TN, NC, SC, GA, FL, AL, MS, LA, AR, OK, TX)",1,Urban Area,8,Stratum 8 - NLMY PV Minor Injury,4142,135.18572704,0,0,2,2,0,2,1,January,6,Friday,6,Friday,2023,2023,9,9:00am-9:59am,9,9:00am-9:59am,11,11,11,11,12,Motor Vehicle In-Transport,12,Motor Vehicle In-Transport,6,Angle,6,Angle,0,No,0,No,2,Intersection,2,Intersection,2,Four-Way Intersection,1,On Roadway,0,,1,Daylight,1,Daylight,1,Clear,1,Clear,0,No,0,No,1,Possible Injury (C),1,Possible Injury (C),1,1,1,1,2,No Alcohol Involved,2,No Alcohol Involved
202304647003,78,78,10,3,"South (MD, DE, DC, WV, VA, KY, TN, NC, SC, GA, FL, AL, MS, LA, AR, OK, TX)",1,Urban Area,9,Stratum 9 - LMY PV No Injuries in Crash,4146,141.59880277,0,0,2,2,0,2,1,January,6,Friday,6,Friday,2023,2023,7,7:00am-7:59am,7,7:00am-7:59am,40,40,40,40,12,Motor Vehicle In-Transport,12,Motor Vehicle In-Transport,1,Front-to-Rear,1,Front-to-Rear,0,No,0,No,1,Non-Junction,1,Non-Junction,1,Not an Intersection,1,On Roadway,0,,4,Dawn,4,Dawn,1,Clear,1,Clear,0,No,0,No,0,No Apparent Injury (O),0,No Apparent Injury (O),0,No Person Injured/Property Damage Only Crash,0,No Person Injured/Property Damage Only Crash,2,No Alcohol Involved,2,No Alcohol Involved
202304647071,22,22,5,1,"Northeast (PA, NJ, NY, NH, VT, RI, MA, ME, CT)",2,Rural Area,10,Stratum 10 - Other,4149,222.74751596,0,0,1,1,0,1,1,January,6,Friday,6,Friday,2023,2023,16,4:00pm-4:59pm,16,4:00pm-4:59pm,1,1,1,1,34,Ditch,34,Ditch,0,The First Harmful Event was Not a Collision with a Motor Vehicle In-Transport,0,The First Harmful Event was Not a Collision with a Motor Vehicle In-Transport,0,No,0,No,1,Non-Junction,1,Non-Junction,1,Not an Intersection,4,On Roadside,0,,1,Daylight,1,Daylight,4,Snow,4,Snow,0,No,0,No,0,No Apparent Injury (O),0,No Apparent Injury (O),0,No Person Injured/Property Damage Only Crash,0,No Person Injured/Property Damage Only Crash,2,No Alcohol Involved,2,No Alcohol Involved
202304647076,77,77,9,2,"Midwest (OH, IN, IL, MI, WI, MN, ND, SD, NE, IA, MO, KS)",2,Rural Area,9,Stratum 9 - LMY PV No Injuries in Crash,4151,138.14428062,0,0,1,1,0,1,1,January,5,Thursday,5,Thursday,2023,2023,2,2:00am-2:59am,2,2:00am-2:59am,30,30,30,30,11,Live Animal,11,Live Animal,0,The First Harmful Event was Not a Collision with a Motor Vehicle In-Transport,0,The First Harmful Event was Not a Collision with a Motor Vehicle In-Transport,0,No,0,No,1,Non-Junction,1,Non-Junction,1,Not an Intersection,1,On Roadway,0,,6,Dark - Unknown Lighting,6,Dark - Unknown Lighting,98,Not Reported,1,Clear,0,No,0,No,9,Unknown/Not Reported,0,No Apparent Injury (O),99,All Persons in Crash are Unknown If Injured,0,No Person Injured/Property Damage Only Crash,9,Reported as Unknown,2,No Alcohol Involved