CASENUM,PSU,PSU_VAR,PSUSTRAT,REGION,REGIONNAME,URBANICITY,URBANICITYNAME,STRATUM,STRATUMNAME,PJ,WEIGHT,PEDS,PERNOTMVIT,VE_TOTAL,VE_FORMS,PVH_INVL,PERMVIT,MONTH,MONTHNAME,DAY_WEEK,DAY_WEEKNAME,WKDY_IM,WKDY_IMNAME,YEAR,YEARNAME,HOUR,HOURNAME,HOUR_IM,HOUR_IMNAME,MINUTE,MINUTENAME,MINUTE_IM,MINUTE_IMNAME,HARM_EV,HARM_EVNAME,EVENT1_IM,EVENT1_IMNAME,MAN_COLL,MAN_COLLNAME,MANCOL_IM,MANCOL_IMNAME,RELJCT1,RELJCT1NAME,RELJCT1_IM,RELJCT1_IMNAME,RELJCT2,RELJCT2NAME,RELJCT2_IM,RELJCT2_IMNAME,TYP_INT,TYP_INTNAME,REL_ROAD,REL_ROADNAME,WRK_ZONE,WRK_ZONENAME,LGT_COND,LGT_CONDNAME,LGTCON_IM,LGTCON_IMNAME,WEATHER,WEATHERNAME,WEATHR_IM,WEATHR_IMNAME,SCH_BUS,SCH_BUSNAME,INT_HWY,INT_HWYNAME,MAX_SEV,MAX_SEVNAME,MAXSEV_IM,MAXSEV_IMNAME,NUM_INJ,NUM_INJNAME,NO_INJ_IM,NO_INJ_IMNAME,ALCOHOL,ALCOHOLNAME,ALCHL_IM,ALCHL_IMNAME
202304648167,12,12,12,3,"South (MD, DE, DC, WV, VA, KY, TN, NC, SC, GA, FL, AL, MS, LA, AR, OK, TX)",1,Urban Area,9,Stratum 9 - LMY PV No Injuries in Crash,4142,141.83585636,0,0,2,2,0,2,1,January,6,Friday,6,Friday,2023,2023,9,9:00am-9:59am,9,9:00am-9:59am,26,26,26,26,12,Motor Vehicle In-Transport,12,Motor Vehicle In-Transport,1,Front-to-Rear,1,Front-to-Rear,0,No,0,No,3,Intersection-Related,3,Intersection-Related,2,Four-Way Intersection,1,On Roadway,0,,1,Daylight,1,Daylight,1,Clear,1,Clear,0,No,0,No,1,Possible Injury (C),1,Possible Injury (C),1,1,1,1,9,Reported as Unknown,2,No Alcohol Involved
202304648234,78,78,10,3,"South (MD, DE, DC, WV, VA, KY, TN, NC, SC, GA, FL, AL, MS, LA, AR, OK, TX)",1,Urban Area,7,Stratum 7 - M/H Truck or Bus,4146,159.73638376,0,0,3,3,0,3,1,January,6,Friday,6,Friday,2023,2023,8,8:00am-8:59am,8,8:00am-8:59am,45,45,45,45,12,Motor Vehicle In-Transport,12,Motor Vehicle In-Transport,1,Front-to-Rear,1,Front-to-Rear,0,No,0,No,3,Intersection-Related,3,Intersection-Related,2,Four-Way Intersection,1,On Roadway,0,,1,Daylight,1,Daylight,1,Clear,1,Clear,0,No,0,No,1,Possible Injury (C),1,Possible Injury (C),1,1,1,1,2,No Alcohol Involved,2,No Alcohol Involved
202304648255,78,78,10,3,"South (MD, DE, DC, WV, VA, KY, TN, NC, SC, GA, FL, AL, MS, LA, AR, OK, TX)",1,Urban Area,9,Stratum 9 - LMY PV No Injuries in Crash,4146,141.59880277,0,0,2,2,0,2,1,January,6,Friday,6,Friday,2023,2023,16,4:00pm-4:59pm,16,4:00pm-4:59pm,56,56,56,56,12,Motor Vehicle In-Transport,12,Motor Vehicle In-Transport,7,Sideswipe - Same Direction,7,Sideswipe - Same Direction,0,No,0,No,1,Non-Junction,1,Non-Junction,1,Not an Intersection,1,On Roadway,0,,1,Daylight,1,Daylight,1,Clear,1,Clear,0,No,0,No,0,No Apparent Injury (O),0,No Apparent Injury (O),0,No Person Injured/Property Damage Only Crash,0,No Person Injured/Property Damage Only Crash,2,No Alcohol Involved,2,No Alcohol Involved
202304648273,77,77,9,2,"Midwest (OH, IN, IL, MI, WI, MN, ND, SD, NE, IA, MO, KS)",2,Rural Area,10,Stratum 10 - Other,4151,217.37927863,0,0,2,2,0,3,1,January,7,Saturday,7,Saturday,2023,2023,19,7:00pm-7:59pm,19,7:00pm-7:59pm,59,59,59,59,12,Motor Vehicle In-Transport,12,Motor Vehicle In-Transport,1,Front-to-Rear,1,Front-to-Rear,0,No,0,No,1,Non-Junction,1,Non-Junction,1,Not an Intersection,1,On Roadway,0,,2,Dark - Not Lighted,2,Dark - Not Lighted,1,Clear,1,Clear,0,No,0,No,0,No Apparent Injury (O),0,No Apparent Injury (O),0,No Person Injured/Property Damage Only Crash,0,No Person Injured/Property Damage Only Crash,9,Reported as Unknown,2,No Alcohol Involved
202304648282,39,39,7,2,"Midwest (OH, IN, IL, MI, WI, MN, ND, SD, NE, IA, MO, KS)",1,Urban Area,7,Stratum 7 - M/H Truck or Bus,4154,153.46384112,0,0,2,2,0,2,1,January,1,Sunday,1,Sunday,2023,2023,12,12:00pm-12:59pm,12,12:00pm-12:59pm,44,44,44,44,12,Motor Vehicle In-Transport,12,Motor Vehicle In-Transport,7,Sideswipe - Same Direction,7,Sideswipe - Same Direction,0,No,0,No,1,Non-Junction,1,Non-Junction,1,Not an Intersection,1,On Roadway,0,,1,Daylight,1,Daylight,1,Clear,1,Clear,0,No,1,Yes,0,No Apparent Injury (O),0,No Apparent Injury (O),0,No Person Injured/Property Damage Only Crash,0,No Person Injured/Property Damage Only Crash,2,No Alcohol Involved,2,No Alcohol Involved
202304648534,20,20,25,4,"West (MT, ID, WA, OR, CA, NV, NM, AZ, UT, CO, WY, AK, HI)",2,Rural Area,5,Stratum 5 - NLMY PV Serious Injury,4140,25.79271396,0,0,1,1,0,1,1,January,7,Saturday,7,Saturday,2023,2023,16,4:00pm-4:59pm,16,4:00pm-4:59pm,18,18,18,18,34,Ditch,34,Ditch,0,The First Harmful Event was Not a Collision with a Motor Vehicle In-Transport,0,The First Harmful Event was Not a Collision with a Motor Vehicle In-Transport,0,No,0,No,1,Non-Junction,1,Non-Junction,1,Not an Intersection,4,On Roadside,0,,1,Daylight,1,Daylight,1,Clear,1,Clear,0,No,0,No,3,Suspected Serious Injury (A),3,Suspected Serious Injury (A),1,1,1,1,2,No Alcohol Involved,2,No Alcohol Involved
202304648539,20,20,25,4,"West (MT, ID, WA, OR, CA, NV, NM, AZ, UT, CO, WY, AK, HI)",2,Rural Area,8,Stratum 8 - NLMY PV Minor Injury,4140,129.93710653,0,0,2,2,0,4,1,January,1,Sunday,1,Sunday,2023,2023,14,2:00pm-2:59pm,14,2:00pm-2:59pm,5,5,5,5,12,Motor Vehicle In-Transport,12,Motor Vehicle In-Transport,6,Angle,6,Angle,0,No,0,No,2,Intersection,2,Intersection,2,Four-Way Intersection,1,On Roadway,0,,1,Daylight,1,Daylight,1,Clear,1,Clear,0,No,0,No,2,Suspected Minor Injury (B),2,Suspected Minor Injury (B),1,1,1,1,2,No Alcohol Involved,2,No Alcohol Involved
202304648540,20,20,25,4,"West (MT, ID, WA, OR, CA, NV, NM, AZ, UT, CO, WY, AK, HI)",2,Rural Area,10,Stratum 10 - Other,4140,213.05441116,0,0,2,2,0,4,1,January,5,Thursday,5,Thursday,2023,2023,16,4:00pm-4:59pm,16,4:00pm-4:59pm,47,47,47,47,12,Motor Vehicle In-Transport,12,Motor Vehicle In-Transport,1,Front-to-Rear,1,Front-to-Rear,0,No,0,No,1,Non-Junction,1,Non-Junction,1,Not an Intersection,1,On Roadway,0,,2,Dark - Not Lighted,2,Dark - Not Lighted,1,Clear,1,Clear,0,No,0,No,0,No Apparent Injury (O),0,No Apparent Injury (O),0,No Person Injured/Property Damage Only Crash,0,No Person Injured/Property Damage Only Crash,2,No Alcohol Involved,2,No Alcohol Involved
202304648565,35,35,13,3,"South (MD, DE, DC, WV, VA, KY, TN, NC, SC, GA, FL, AL, MS, LA, AR, OK, TX)",1,Urban Area,8,Stratum 8 - NLMY PV Minor Injury,4141,134.51815149,0,0,1,1,0,1,1,January,6,Friday,6,Friday,2023,2023,10,10:00am-10:59am,10,10:00am-10:59am,10,10,10,10,35,Embankment,35,Embankment,0,The First Harmful Event was Not a Collision with a Motor Vehicle In-Transport,0,The First Harmful Event was Not a Collision with a Motor Vehicle In-Transport,0,No,0,No,8,Driveway Access Related,8,Driveway Access Related,1,Not an Intersection,4,On Roadside,0,,1,Daylight,1,Daylight,1,Clear,1,Clear,0,No,0,No,2,Suspected Minor Injury (B),2,Suspected Minor Injury (B),1,1,1,1,2,No Alcohol Involved,2,No Alcohol Involved
202304648576,35,35,13,3,"South (MD, DE, DC, WV, VA, KY, TN, NC, SC, GA, FL, AL, MS, LA, AR, OK, TX)",1,Urban Area,7,Stratum 7 - M/H Truck or Bus,4141,160.1814718,0,0,2,2,0,3,1,January,4,Wednesday,4,Wednesday,2023,2023,15,3:00pm-3:59pm,15,3:00pm-3:59pm,49,49,49,49,59,Traffic Sign Support,59,Traffic Sign Support,0,The First Harmful Event was Not a Collision with a Motor Vehicle In-Transport,0,The First Harmful Event was Not a Collision with a Motor Vehicle In-Transport,0,No,0,No,1,Non-Junction,1,Non-Junction,1,Not an Intersection,3,On Median,1,Construction,1,Daylight,1,Daylight,1,Clear,1,Clear,0,No,1,Yes,2,Suspected Minor Injury (B),2,Suspected Minor Injury (B),2,2,2,2,2,No Alcohol Involved,2,No Alcohol Involved
202304648581,35,35,13,3,"South (MD, DE, DC, WV, VA, KY, TN, NC, SC, GA, FL, AL, MS, LA, AR, OK, TX)",1,Urban Area,10,Stratum 10 - Other,4141,222.47241975,0,0,1,1,0,1,1,January,7,Saturday,7,Saturday,2023,2023,14,2:00pm-2:59pm,14,2:00pm-2:59pm,18,18,18,18,34,Ditch,34,Ditch,0,The First Harmful Event was Not a Collision with a Motor Vehicle In-Transport,0,The First Harmful Event was Not a Collision with a Motor Vehicle In-Transport,0,No,0,No,8,Driveway Access Related,8,Driveway Access Related,1,Not an Intersection,4,On Roadside,0,,1,Daylight,1,Daylight,10,Cloudy,10,Cloudy,0,No,0,No,0,No Apparent Injury (O),0,No Apparent Injury (O),0,No Person Injured/Property Damage Only Crash,0,No Person Injured/Property Damage Only Crash,2,No Alcohol Involved,2,No Alcohol Involved
202304648584,35,35,13,3,"South (MD, DE, DC, WV, VA, KY, TN, NC, SC, GA, FL, AL, MS, LA, AR, OK, TX)",1,Urban Area,9,Stratum 9 - LMY PV No Injuries in Crash,4141,141.63889146,0,0,2,2,0,2,1,January,7,Saturday,7,Saturday,2023,2023,17,5:00pm-5:59pm,17,5:00pm-5:59pm,16,16,16,16,12,Motor Vehicle In-Transport,12,Motor Vehicle In-Transport,6,Angle,6,Angle,0,No,0,No,2,Intersection,2,Intersection,3,T-Intersection,1,On Roadway,0,,3,Dark - Lighted,3,Dark - Lighted,10,Cloudy,10,Cloudy,0,No,0,No,0,No Apparent Injury (O),0,No Apparent Injury (O),0,No Person Injured/Property Damage Only Crash,0,No Person Injured/Property Damage Only Crash,2,No Alcohol Involved,2,No Alcohol Involved
202304648592,32,32,17,3,"South (MD, DE, DC, WV, VA, KY, TN, NC, SC, GA, FL, AL, MS, LA, AR, OK, TX)",2,Rural Area,10,Stratum 10 - Other,4145,220.3414238,0,0,2,2,0,3,1,January,2,Monday,2,Monday,2023,2023,15,3:00pm-3:59pm,15,3:00pm-3:59pm,45,45,45,45,12,Motor Vehicle In-Transport,12,Motor Vehicle In-Transport,8,Sideswipe - Opposite Direction,8,Sideswipe - Opposite Direction,0,No,0,No,1,Non-Junction,1,Non-Junction,1,Not an Intersection,1,On Roadway,0,,1,Daylight,1,Daylight,1,Clear,1,Clear,0,No,0,No,0,No Apparent Injury (O),0,No Apparent Injury (O),0,No Person Injured/Property Damage Only Crash,0,No Person Injured/Property Damage Only Crash,9,Reported as Unknown,2,No Alcohol Involved
202304648620,83,83,13,3,"South (MD, DE, DC, WV, VA, KY, TN, NC, SC, GA, FL, AL, MS, LA, AR, OK, TX)",1,Urban Area,9,Stratum 9 - LMY PV No Injuries in Crash,4148,141.94136347,0,0,2,2,0,4,1,January,5,Thursday,5,Thursday,2023,2023,15,3:00pm-3:59pm,15,3:00pm-3:59pm,30,30,30,30,12,Motor Vehicle In-Transport,12,Motor Vehicle In-Transport,1,Front-to-Rear,1,Front-to-Rear,0,No,0,No,3,Intersection-Related,3,Intersection-Related,2,Four-Way Intersection,1,On Roadway,0,,1,Daylight,1,Daylight,1,Clear,1,Clear,0,No,0,No,0,No Apparent Injury (O),0,No Apparent Injury (O),0,No Person Injured/Property Damage Only Crash,0,No Person Injured/Property Damage Only Crash,2,No Alcohol Involved,2,No Alcohol Involved
202304648638,83,83,13,3,"South (MD, DE, DC, WV, VA, KY, TN, NC, SC, GA, FL, AL, MS, LA, AR, OK, TX)",1,Urban Area,8,Stratum 8 - NLMY PV Minor Injury,4148,134.77451173,0,0,2,2,0,2,1,January,6,Friday,6,Friday,2023,2023,10,10:00am-10:59am,10,10:00am-10:59am,47,47,47,47,12,Motor Vehicle In-Transport,12,Motor Vehicle In-Transport,6,Angle,6,Angle,0,No,0,No,2,Intersection,2,Intersection,2,Four-Way Intersection,1,On Roadway,0,,1,Daylight,1,Daylight,1,Clear,1,Clear,0,No,0,No,1,Possible Injury (C),1,Possible Injury (C),2,2,2,2,2,No Alcohol Involved,2,No Alcohol Involved
202304648668,83,83,13,3,"South (MD, DE, DC, WV, VA, KY, TN, NC, SC, GA, FL, AL, MS, LA, AR, OK, TX)",1,Urban Area,10,Stratum 10 - Other,4148,223.23894247,0,0,2,2,0,2,1,January,6,Friday,6,Friday,2023,2023,16,4:00pm-4:59pm,16,4:00pm-4:59pm,10,10,10,10,12,Motor Vehicle In-Transport,12,Motor Vehicle In-Transport,6,Angle,6,Angle,0,No,0,No,8,Driveway Access Related,8,Driveway Access Related,1,Not an Intersection,1,On Roadway,0,,1,Daylight,1,Daylight,1,Clear,1,Clear,0,No,0,No,0,No Apparent Injury (O),0,No Apparent Injury (O),0,No Person Injured/Property Damage Only Crash,0,No Person Injured/Property Damage Only Crash,9,Reported as Unknown,2,No Alcohol Involved
202304648707,83,83,13,3,"South (MD, DE, DC, WV, VA, KY, TN, NC, SC, GA, FL, AL, MS, LA, AR, OK, TX)",1,Urban Area,7,Stratum 7 - M/H Truck or Bus,4148,159.29212129,0,0,2,2,0,1,1,January,6,Friday,6,Friday,2023,2023,18,6:00pm-6:59pm,18,6:00pm-6:59pm,45,45,45,45,12,Motor Vehicle In-Transport,12,Motor Vehicle In-Transport,8,Sideswipe - Opposite Direction,8,Sideswipe - Opposite Direction,0,No,0,No,8,Driveway Access Related,8,Driveway Access Related,1,Not an Intersection,1,On Roadway,0,,3,Dark - Lighted,3,Dark - Lighted,1,Clear,1,Clear,0,No,0,No,0,No Apparent Injury (O),0,No Apparent Injury (O),0,No Person Injured/Property Damage Only Crash,0,No Person Injured/Property Damage Only Crash,2,No Alcohol Involved,2,No Alcohol Involved
202304648735,22,22,5,1,"Northeast (PA, NJ, NY, NH, VT, RI, MA, ME, CT)",2,Rural Area,8,Stratum 8 - NLMY PV Minor Injury,4149,135.82165607,0,0,1,1,0,1,1,January,1,Sunday,1,Sunday,2023,2023,11,11:00am-11:59am,11,11:00am-11:59am,16,16,16,16,1,Rollover/Overturn,1,Rollover/Overturn,0,The First Harmful Event was Not a Collision with a Motor Vehicle In-Transport,0,The First Harmful Event was Not a Collision with a Motor Vehicle In-Transport,0,No,0,No,1,Non-Junction,1,Non-Junction,1,Not an Intersection,4,On Roadside,0,,1,Daylight,1,Daylight,1,Clear,1,Clear,0,No,0,No,1,Possible Injury (C),1,Possible Injury (C),1,1,1,1,2,No Alcohol Involved,2,No Alcohol Involved
202304648741,25,25,8,2,"Midwest (OH, IN, IL, MI, WI, MN, ND, SD, NE, IA, MO, KS)",1,Urban Area,10,Stratum 10 - Other,4150,218.84769319,0,0,2,2,0,2,1,January,1,Sunday,1,Sunday,2023,2023,18,6:00pm-6:59pm,18,6:00pm-6:59pm,12,12,12,12,12,Motor Vehicle In-Transport,12,Motor Vehicle In-Transport,7,Sideswipe - Same Direction,7,Sideswipe - Same Direction,0,No,0,No,1,Non-Junction,1,Non-Junction,1,Not an Intersection,1,On Roadway,0,,3,Dark - Lighted,3,Dark - Lighted,1,Clear,1,Clear,0,No,0,No,0,No Apparent Injury (O),0,No Apparent Injury (O),0,No Person Injured/Property Damage Only Crash,0,No Person Injured/Property Damage Only Crash,9,Reported as Unknown,2,No Alcohol Involved
202304648751,67,67,8,2,"Midwest (OH, IN, IL, MI, WI, MN, ND, SD, NE, IA, MO, KS)",1,Urban Area,10,Stratum 10 - Other,4152,216.86508996,0,0,2,2,0,2,1,January,5,Thursday,5,Thursday,2023,2023,11,11:00am-11:59am,11,11:00am-11:59am,25,25,25,25,12,Motor Vehicle In-Transport,12,Motor Vehicle In-Transport,6,Angle,6,Angle,0,No,0,No,2,Intersection,2,Intersection,2,Four-Way Intersection,1,On Roadway,0,,1,Daylight,1,Daylight,10,Cloudy,10,Cloudy,0,No,0,No,0,No Apparent Injury (O),0,No Apparent Injury (O),0,No Person Injured/Property Damage Only Crash,0,No Person Injured/Property Damage Only Crash,9,Reported as Unknown,2,No Alcohol Involved
202304648763,47,47,9,2,"Midwest (OH, IN, IL, MI, WI, MN, ND, SD, NE, IA, MO, KS)",2,Rural Area,10,Stratum 10 - Other,4153,218.1275432,0,0,1,1,0,3,1,January,1,Sunday,1,Sunday,2023,2023,6,6:00am-6:59am,6,6:00am-6:59am,54,54,54,54,11,Live Animal,11,Live Animal,0,The First Harmful Event was Not a Collision with a Motor Vehicle In-Transport,0,The First Harmful Event was Not a Collision with a Motor Vehicle In-Transport,0,No,0,No,1,Non-Junction,1,Non-Junction,1,Not an Intersection,1,On Roadway,0,,2,Dark - Not Lighted,2,Dark - Not Lighted,10,Cloudy,10,Cloudy,0,No,0,No,0,No Apparent Injury (O),0,No Apparent Injury (O),0,No Person Injured/Property Damage Only Crash,0,No Person Injured/Property Damage Only Crash,9,Reported as Unknown,2,No Alcohol Involved
202304648765,47,47,9,2,"Midwest (OH, IN, IL, MI, WI, MN, ND, SD, NE, IA, MO, KS)",2,Rural Area,8,Stratum 8 - NLMY PV Minor Injury,4153,132.26082933,0,0,2,2,0,4,1,January,5,Thursday,5,Thursday,2023,2023,15,3:00pm-3:59pm,15,3:00pm-3:59pm,42,42,42,42,12,Motor Vehicle In-Transport,12,Motor Vehicle In-Transport,2,Front-to-Front,2,Front-to-Front,0,No,0,No,8,Driveway Access Related,8,Driveway Access Related,1,Not an Intersection,1,On Roadway,0,,1,Daylight,1,Daylight,10,Cloudy,10,Cloudy,0,No,0,No,2,Suspected Minor Injury (B),2,Suspected Minor Injury (B),1,1,1,1,9,Reported as Unknown,2,No Alcohol Involved
202304648766,47,47,9,2,"Midwest (OH, IN, IL, MI, WI, MN, ND, SD, NE, IA, MO, KS)",2,Rural Area,6,Stratum 6 - LMY PV Minor Injury,4153,52.991202556,0,0,2,2,0,3,1,January,4,Wednesday,4,Wednesday,2023,2023,15,3:00pm-3:59pm,15,3:00pm-3:59pm,52,52,52,52,12,Motor Vehicle In-Transport,12,Motor Vehicle In-Transport,2,Front-to-Front,2,Front-to-Front,0,No,0,No,2,Intersection,2,Intersection,2,Four-Way Intersection,1,On Roadway,0,,1,Daylight,1,Daylight,1,Clear,1,Clear,0,No,0,No,2,Suspected Minor Injury (B),2,Suspected Minor Injury (B),1,1,1,1,9,Reported as Unknown,2,No Alcohol Involved
202304648996,60,60,21,4,"West (MT, ID, WA, OR, CA, NV, NM, AZ, UT, CO, WY, AK, HI)",1,Urban Area,9,Stratum 9 - LMY PV No Injuries in Crash,234,166.60273925,0,0,1,1,0,1,1,January,4,Wednesday,4,Wednesday,2023,2023,12,12:00pm-12:59pm,12,12:00pm-12:59pm,0,0,0,0,93,Unknown Fixed Object,93,Unknown Fixed Object,0,The First Harmful Event was Not a Collision with a Motor Vehicle In-Transport,0,The First Harmful Event was Not a Collision with a Motor Vehicle In-Transport,8,Not Reported,0,No,98,Not Reported,3,Intersection-Related,98,Not Reported,98,Not Reported,0,,1,Daylight,1,Daylight,2,Rain,2,Rain,0,No,0,No,0,No Apparent Injury (O),0,No Apparent Injury (O),0,No Person Injured/Property Damage Only Crash,0,No Person Injured/Property Damage Only Crash,2,No Alcohol Involved,2,No Alcohol Involved
202304651428,55,55,17,3,"South (MD, DE, DC, WV, VA, KY, TN, NC, SC, GA, FL, AL, MS, LA, AR, OK, TX)",2,Rural Area,8,Stratum 8 - NLMY PV Minor Injury,1055,133.60664239,0,0,3,3,0,4,1,January,2,Monday,2,Monday,2023,2023,19,7:00pm-7:59pm,19,7:00pm-7:59pm,1,1,1,1,12,Motor Vehicle In-Transport,12,Motor Vehicle In-Transport,1,Front-to-Rear,1,Front-to-Rear,0,No,0,No,1,Non-Junction,1,Non-Junction,1,Not an Intersection,1,On Roadway,0,,2,Dark - Not Lighted,2,Dark - Not Lighted,1,Clear,1,Clear,0,No,1,Yes,1,Possible Injury (C),1,Possible Injury (C),3,3,3,3,2,No Alcohol Involved,2,No Alcohol Involved
202304651430,55,55,17,3,"South (MD, DE, DC, WV, VA, KY, TN, NC, SC, GA, FL, AL, MS, LA, AR, OK, TX)",2,Rural Area,9,Stratum 9 - LMY PV No Injuries in Crash,1055,135.97825353,0,0,2,2,0,2,1,January,6,Friday,6,Friday,2023,2023,13,1:00pm-1:59pm,13,1:00pm-1:59pm,5,5,5,5,12,Motor Vehicle In-Transport,12,Motor Vehicle In-Transport,2,Front-to-Front,2,Front-to-Front,0,No,0,No,2,Intersection,2,Intersection,2,Four-Way Intersection,1,On Roadway,0,,1,Daylight,1,Daylight,1,Clear,1,Clear,0,No,0,No,0,No Apparent Injury (O),0,No Apparent Injury (O),0,No Person Injured/Property Damage Only Crash,0,No Person Injured/Property Damage Only Crash,2,No Alcohol Involved,2,No Alcohol Involved
202304651433,55,55,17,3,"South (MD, DE, DC, WV, VA, KY, TN, NC, SC, GA, FL, AL, MS, LA, AR, OK, TX)",2,Rural Area,9,Stratum 9 - LMY PV No Injuries in Crash,1070,135.97825353,0,0,2,2,0,2,1,January,3,Tuesday,3,Tuesday,2023,2023,14,2:00pm-2:59pm,14,2:00pm-2:59pm,39,39,39,39,12,Motor Vehicle In-Transport,12,Motor Vehicle In-Transport,1,Front-to-Rear,1,Front-to-Rear,0,No,0,No,1,Non-Junction,1,Non-Junction,1,Not an Intersection,1,On Roadway,0,,1,Daylight,1,Daylight,10,Cloudy,10,Cloudy,0,No,1,Yes,0,No Apparent Injury (O),0,No Apparent Injury (O),0,No Person Injured/Property Damage Only Crash,0,No Person Injured/Property Damage Only Crash,2,No Alcohol Involved,2,No Alcohol Involved
202304651434,55,55,17,3,"South (MD, DE, DC, WV, VA, KY, TN, NC, SC, GA, FL, AL, MS, LA, AR, OK, TX)",2,Rural Area,10,Stratum 10 - Other,1069,214.140904,0,0,2,2,0,3,1,January,2,Monday,2,Monday,2023,2023,18,6:00pm-6:59pm,18,6:00pm-6:59pm,40,40,40,40,12,Motor Vehicle In-Transport,12,Motor Vehicle In-Transport,6,Angle,6,Angle,0,No,0,No,2,Intersection,2,Intersection,2,Four-Way Intersection,1,On Roadway,0,,3,Dark - Lighted,3,Dark - Lighted,10,Cloudy,10,Cloudy,0,No,0,No,0,No Apparent Injury (O),0,No Apparent Injury (O),0,No Person Injured/Property Damage Only Crash,0,No Person Injured/Property Damage Only Crash,2,No Alcohol Involved,2,No Alcohol Involved
202304651435,55,55,17,3,"South (MD, DE, DC, WV, VA, KY, TN, NC, SC, GA, FL, AL, MS, LA, AR, OK, TX)",2,Rural Area,9,Stratum 9 - LMY PV No Injuries in Crash,1069,135.97825351,0,0,2,2,0,4,1,January,7,Saturday,7,Saturday,2023,2023,10,10:00am-10:59am,10,10:00am-10:59am,41,41,41,41,12,Motor Vehicle In-Transport,12,Motor Vehicle In-Transport,6,Angle,6,Angle,0,No,0,No,8,Driveway Access Related,8,Driveway Access Related,1,Not an Intersection,1,On Roadway,0,,1,Daylight,1,Daylight,1,Clear,1,Clear,0,No,0,No,0,No Apparent Injury (O),0,No Apparent Injury (O),0,No Person Injured/Property Damage Only Crash,0,No Person Injured/Property Damage Only Crash,2,No Alcohol Involved,2,No Alcohol Involved
202304651438,55,55,17,3,"South (MD, DE, DC, WV, VA, KY, TN, NC, SC, GA, FL, AL, MS, LA, AR, OK, TX)",2,Rural Area,6,Stratum 6 - LMY PV Minor Injury,1055,52.301783688,0,0,1,1,0,1,1,January,2,Monday,2,Monday,2023,2023,7,7:00am-7:59am,7,7:00am-7:59am,36,36,36,36,18,Other Object (not fixed),18,Other Object (not fixed),0,The First Harmful Event was Not a Collision with a Motor Vehicle In-Transport,0,The First Harmful Event was Not a Collision with a Motor Vehicle In-Transport,0,No,0,No,1,Non-Junction,1,Non-Junction,1,Not an Intersection,4,On Roadside,0,,1,Daylight,1,Daylight,10,Cloudy,10,Cloudy,0,No,0,No,2,Suspected Minor Injury (B),2,Suspected Minor Injury (B),1,1,1,1,2,No Alcohol Involved,2,No Alcohol Involved
202304651442,51,51,10,3,"South (MD, DE, DC, WV, VA, KY, TN, NC, SC, GA, FL, AL, MS, LA, AR, OK, TX)",1,Urban Area,6,Stratum 6 - LMY PV Minor Injury,1078,54.391954014,0,0,2,2,0,3,1,January,1,Sunday,1,Sunday,2023,2023,14,2:00pm-2:59pm,14,2:00pm-2:59pm,26,26,26,26,12,Motor Vehicle In-Transport,12,Motor Vehicle In-Transport,2,Front-to-Front,2,Front-to-Front,0,No,0,No,2,Intersection,2,Intersection,3,T-Intersection,1,On Roadway,0,,1,Daylight,1,Daylight,5,"Fog, Smog, Smoke",5,"Fog, Smog, Smoke",0,No,0,No,2,Suspected Minor Injury (B),2,Suspected Minor Injury (B),1,1,1,1,2,No Alcohol Involved,2,No Alcohol Involved
202304651563,51,51,10,3,"South (MD, DE, DC, WV, VA, KY, TN, NC, SC, GA, FL, AL, MS, LA, AR, OK, TX)",1,Urban Area,8,Stratum 8 - NLMY PV Minor Injury,1117,136.32339272,0,0,2,2,0,3,1,January,4,Wednesday,4,Wednesday,2023,2023,14,2:00pm-2:59pm,14,2:00pm-2:59pm,40,40,40,40,12,Motor Vehicle In-Transport,12,Motor Vehicle In-Transport,6,Angle,6,Angle,0,No,0,No,8,Driveway Access Related,8,Driveway Access Related,1,Not an Intersection,1,On Roadway,0,,1,Daylight,1,Daylight,1,Clear,1,Clear,0,No,0,No,1,Possible Injury (C),1,Possible Injury (C),3,3,3,3,2,No Alcohol Involved,2,No Alcohol Involved
202304651577,51,51,10,3,"South (MD, DE, DC, WV, VA, KY, TN, NC, SC, GA, FL, AL, MS, LA, AR, OK, TX)",1,Urban Area,9,Stratum 9 - LMY PV No Injuries in Crash,1114,141.13596372,0,0,2,2,0,3,1,January,6,Friday,6,Friday,2023,2023,22,10:00pm-10:59pm,22,10:00pm-10:59pm,7,7,7,7,12,Motor Vehicle In-Transport,12,Motor Vehicle In-Transport,1,Front-to-Rear,1,Front-to-Rear,0,No,0,No,3,Intersection-Related,3,Intersection-Related,2,Four-Way Intersection,1,On Roadway,0,,3,Dark - Lighted,3,Dark - Lighted,1,Clear,1,Clear,0,No,0,No,0,No Apparent Injury (O),0,No Apparent Injury (O),0,No Person Injured/Property Damage Only Crash,0,No Person Injured/Property Damage Only Crash,2,No Alcohol Involved,2,No Alcohol Involved
202304651670,60,60,21,4,"West (MT, ID, WA, OR, CA, NV, NM, AZ, UT, CO, WY, AK, HI)",1,Urban Area,2,Stratum 2 - Not a MV Occupant Any Injury,234,27.562321774,1,1,1,1,0,1,1,January,6,Friday,6,Friday,2023,2023,8,8:00am-8:59am,8,8:00am-8:59am,44,44,44,44,9,Pedalcyclist,9,Pedalcyclist,0,The First Harmful Event was Not a Collision with a Motor Vehicle In-Transport,0,The First Harmful Event was Not a Collision with a Motor Vehicle In-Transport,0,No,0,No,1,Non-Junction,1,Non-Junction,1,Not an Intersection,1,On Roadway,0,,1,Daylight,1,Daylight,1,Clear,1,Clear,0,No,0,No,2,Suspected Minor Injury (B),2,Suspected Minor Injury (B),1,1,1,1,2,No Alcohol Involved,2,No Alcohol Involved